Title,Summary,Price per night (CAD),Sale price (CAD),Basic Info,Amenities,Number of Amenities,Rating and Number of Reviews,Rating Breakdown
Stylish Condo Heart of Downtown,Entire rental unit hosted by Elizabeth,220,N/A,"['2 guests', '1 bedroom', '1 bed', '1 bath']",N/A,N/A,"[5.0, 27]","[5.0, 5.0, 5.0, 5.0, 5.0, 4.7]"
"CN Tower & Lake Views, Heart of Downtown Toronto",N/A,225,N/A,N/A,N/A,N/A,"[4.95, 155]","['4.9', '4.8', '4.9', '4.9', '5.0', '4.7']"
Cute Den bedroom in Old Toronto,Place to stay in a home hosted by Muhammad,128,N/A,"['2 guests', '1 bedroom', '1 bed', '1 bath']",N/A,N/A,N/A,N/A
Amazing 2 Storey Loft 3 BED In Central Downtown,Entire loft hosted by Trevor,464,402,"['6 guests', '1 bedroom', '3 beds', '1.5 baths']","['Kitchen', 'Wifi', 'HDTV', 'Washer', 'Air conditioning']",18,"[4.84, 127]",N/A
Beautiful Apartment In Heart of Downtown Toronto,Entire rental unit hosted by Sujentha,303,N/A,"['5 guests', '1 bedroom', '2 beds', '1 bath']","['City skyline view', 'Bay view', 'Public or shared beach access', 'Kitchen', 'Wifi']",62,"[4.94, 17]",N/A
Entire Condo Downtown Toronto + Gym - Yorkville,Entire rental unit hosted by Kazim,230,N/A,"['3 guests', '1 bedroom', '2 beds', '1 bath']",N/A,N/A,"[4.95, 20]",N/A
Stunning 1BR Condo Overlooking Yorkville,Entire condo hosted by Guanlun,206,N/A,"['2 guests', '1 bedroom', '1 bed', '2 baths']",N/A,N/A,N/A,N/A
"Modern Skyline 1BR Suite with City View, Yorkville",Entire condo hosted by Cheryl,241,204,"['3 guests', '1 bedroom', '2 beds', '1 bath']",N/A,N/A,"[4.75, 4]","[4.8, 4.8, 4.8, 5.0, 5.0, 5.0]"
1Bdr condo in heart of toronto/scotiabank arena,Entire rental unit hosted by Parisa,259,230,"['3 guests', '1 bedroom', '1 bed', '1 bath']","['City skyline view', 'Kitchen', 'Wifi', 'Dedicated workspace', 'TV', 'Elevator', 'Washer', 'Free dryer - In unit', 'Air conditioning', 'Security cameras on property']",46,"[4.74, 27]",N/A
South Yorkville retreat,Entire condo hosted by Anna,177,N/A,"['2 guests', 'Studio', '2 beds', '1 bath']",N/A,N/A,"[4.93, 14]",N/A
Executive Penthouse CNTower View,Entire rental unit hosted by Amshan,439,N/A,"['8 guests', '3 bedrooms', '3 beds', '2 baths']","['City skyline view', 'Harbour view', 'Kitchen', 'Wifi', 'Dedicated workspace']",66,"[5.0, 11]","['5.0', '4.9', '5.0', '5.0', '4.9', '4.8']"
Luxury Penthouse DT TO | 4 Beds |Free Pkg| King Bd,Entire rental unit hosted by Sadia,569,405,"['8 guests', '2 bedrooms', '4 beds', '2 baths']",N/A,N/A,"[5.0, 13]","[4.8, 4.9, 4.8, 5.0, 5.0, 4.8]"
Prime Condo Across CN Tower & MTCC,Entire rental unit hosted by Yuan,227,N/A,"['4 guests', '1 bedroom', '2 beds', '1 bath']","['Kitchen', 'Wifi', 'TV', 'Elevator', 'Air conditioning', 'Unavailable: Carbon monoxide alarm']",33,"[5.0, 12]",N/A
"In heart of Toronto with view of lake, CN tower",Entire condo hosted by Ghazal,271,220,"['3 guests', '1 bedroom', '2 beds', '1 bath']",N/A,N/A,"[4.67, 33]","[4.6, 4.8, 4.8, 4.8, 5.0, 4.5]"
Superior 1+1BR Condo overlooking Yorkville & Annex,Entire condo hosted by Derek,418,354,"['2 guests', '1 bedroom', '1 bed', '1 bath']",N/A,N/A,"[4.67, 12]","['4.8', '4.5', '4.2', '4.9', '5.0', '4.5']"
Classic 2BR Elegant Condo in the heart ofYorkville,Entire condo hosted by Shujing,255,N/A,"['4 guests', '2 bedrooms', '2 beds', '2 baths']",N/A,N/A,N/A,N/A
Luxury Loft Living in Downtown,Entire rental unit hosted by Rex,440,N/A,"['4 guests', '2 bedrooms', '2 beds', '2.5 baths']",N/A,N/A,N/A,N/A
N/A,N/A,93,N/A,N/A,N/A,N/A,N/A,N/A
N/A,N/A,93,N/A,N/A,N/A,N/A,N/A,"[4.9, 4.8, 4.9, 4.9, 4.8, 4.7]"
Penthouse Corner Suite w/ Panoramic 12 FT Windows,Entire condo hosted by Ryan,560,448,"['4 guests', '2 bedrooms', '2 beds', '1 bath']",N/A,N/A,N/A,N/A
RivetStays - NEW! Stunning 1-BDR by the CN Tower,Entire rental unit hosted by Liman,215,N/A,"['4 guests', '1 bedroom', '1 bed', '1 bath']","['City skyline view', 'Kitchen', 'Wifi', 'TV', 'Washer']",23,N/A,N/A
Chic Queen bedroom Old Toronto,Place to stay in a home hosted by Muhammad,158,N/A,"['2 guests', '1 bedroom', '1 bed', '1 bath']",N/A,N/A,N/A,N/A
2 BR w/ Amazing views & parking,Entire condo hosted by Chris,347,291,"['6 guests', '2 bedrooms', '2 beds', '1 bath']",N/A,N/A,"[4.92, 12]",N/A
Stylish 1BR Executive Suite with Parking!,Entire rental unit hosted by Roshanak,399,287,"['2 guests', '1 bedroom', '1 bed', '1 bath']","['City skyline view', 'Kitchen', 'Wifi', 'Dedicated workspace', 'Free residential garage on premises – 1 space']",50,"[4.93, 96]","['5.0', '4.9', '4.9', '4.9', '5.0', '4.8']"
Modern 1 BDRM Suite w Balcony & Parking,Entire condo hosted by Shamoun,264,N/A,"['4 guests', '1 bedroom', '2 beds', '1 bath']",N/A,N/A,"[4.64, 85]","[4.7, 4.6, 4.8, 4.6, 4.9, 4.5]"
Modern 2BR Style Condo w Parking - Ent District,Entire condo hosted by Aydin,274,N/A,"['4 guests', '2 bedrooms', '2 beds', '1 bath']","['Kitchen', 'Wifi', 'Free parking on premises', 'TV', 'Elevator']",30,"[5.0, 3]",N/A
Look Out to Lake From Luxurious Condo Suite in Downtown Core,Entire rental unit hosted by Behnam,254,N/A,"['2 guests', '1 bedroom', '2 beds', '1 bath']",N/A,N/A,"[4.79, 424]","[4.8, 4.8, 4.7, 4.8, 4.9, 4.7]"
The Maple Loft at Downtown Toronto,Place to stay in a condo hosted by Norbert,233,210,"['2 guests', '1 bedroom', '1 bed', '1 private bath']",N/A,N/A,"[4.95, 85]",N/A
Heart of Downtown Toronto,Entire rental unit hosted by Lichang,342,274,"['3 guests', '1 bedroom', '1 bed', '1 bath']",N/A,N/A,N/A,N/A
Sunlit Cozy Condo Downtown| UofT | Ryerson,Entire rental unit hosted by Jessica,282,219,"['2 guests', '1 bedroom', '1 bed', '1 bath']",N/A,N/A,"[4.79, 14]",N/A
Look Out to Lake From Lovely Suite in DT Toronto,Entire condo hosted by Mana,242,N/A,"['2 guests', '1 bedroom', '2 beds', '1 bath']",N/A,N/A,"[4.77, 47]","['4.6', '4.9', '4.6', '4.9', '5.0', '4.6']"
Stylish Condo Heart of Downtown,Entire rental unit hosted by Qazi,312,236,"['2 guests', '1 bedroom', '1 bed', '1 bath']","['Kitchen', 'Wifi', 'TV', 'Elevator', 'Free washer – In unit']",38,"[5.0, 8]",N/A
Perfectly Located Cozy Open-Concept Condo,Entire rental unit hosted by AlexT,276,N/A,"['2 guests', '1 bedroom', '1 bed', '1 bath']",N/A,N/A,N/A,N/A
Chic 1+1 in Central Location w/ Office Set Up,Entire rental unit hosted by Xi,261,N/A,"['5 guests', '2 bedrooms', '3 beds', '1 bath']","['City skyline view', 'Kitchen', 'Wifi', 'Dedicated workspace', 'Pets allowed']",49,N/A,N/A
Cozy stay,Entire rental unit hosted by Anna,209,167,"['2 guests', '1 bedroom', '1 bed', '1 bath']",N/A,N/A,N/A,N/A
Spacious Wychwood 1BR Suite near CasaLoma,Entire home hosted by Jakub,171,N/A,"['3 guests', '1 bedroom', '1 bed', '1 bath']",N/A,N/A,N/A,N/A
Chic Queen bedroom Old Toronto,Place to stay in a home hosted by Muhammad,158,N/A,"['2 guests', '1 bedroom', '1 bed', '1 bath']",N/A,N/A,N/A,N/A
Stunning Suite in Heart of Downtown Toronto,Entire rental unit hosted by Lan Yun,284,195,"['2 guests', '1 bedroom', '1 bed', '1 bath']",N/A,N/A,"[4.86, 14]","['4.9', '4.8', '4.6', '5.0', '4.9', '4.4']"
Luxury Loft Living in Downtown,Entire rental unit hosted by Rex,440,N/A,"['4 guests', '2 bedrooms', '2 beds', '2.5 baths']",N/A,N/A,N/A,N/A
Beautiful Downtown Toronto Condo,Entire rental unit hosted by Nest,233,206,"['3 guests', '1 bedroom', '2 beds', '1 bath']","['Kitchen', 'Wifi', 'Dedicated workspace', 'Pool', 'Hot tub', 'TV', 'Washer', 'Air conditioning', 'Gym in building', 'Paid street parking off premises']",22,"[4.67, 6]",N/A
Downtown Oasis - Lake View & Parking,Entire condo hosted by Jennifer,N/A,N/A,"['2 guests', '1 bedroom', '1 bed', '1 bath']",N/A,N/A,N/A,N/A
Sunlit Cozy Condo Downtown| UofT | Ryerson,Entire rental unit hosted by Jessica,282,219,"['2 guests', '1 bedroom', '1 bed', '1 bath']",N/A,N/A,"[4.79, 14]",N/A
Stylish Condo + 1 Free Parking,Entire rental unit hosted by Pamela,306,236,"['2 guests', '1 bedroom', '1 bed', '1 bath']",N/A,N/A,"[4.76, 33]",N/A
Luxury Condo w/FREE parking,Entire rental unit hosted by Dziyana,360,N/A,"['4 guests', '1 bedroom', '2 beds', '1 bath']","['City skyline view', 'Kitchen', 'Wifi', 'Dedicated workspace', 'Free parking on premises']",12,"[4.86, 7]",N/A
Cozy Condo with a Waterfront View,Entire condo hosted by Kelly,268,N/A,"['2 guests', '1 bedroom', '1 bed', '1 bath']",N/A,N/A,"[4.96, 24]","['4.9', '5.0', '4.9', '4.9', '5.0', '4.9']"
Entire 2BR condo+skyline view+pr,Entire rental unit hosted by Samreen,360,N/A,"['6 guests', '2 bedrooms', '3 beds', '1 bath']","['City skyline view', 'Lake view', 'Kitchen', 'Wifi', 'Free parking garage on premises - 1 space', 'Shared pool - open specific hours', 'Shared hot tub - open specific hours', 'TV', 'Unavailable: Carbon monoxide alarm']",52,"[4.86, 7]","[4.7, 4.7, 4.7, 5.0, 4.9, 5.0]"
Newly Listed! Cozy Retreat in Downtown Toronto,Entire home hosted by Joe,307,N/A,"['5 guests', '2 bedrooms', '2 beds', '1 bath']",N/A,N/A,N/A,N/A
Luxury 1BR - Walk to CN Tower - Convention Centre,Entire rental unit hosted by Shakila,285,228,"['2 guests', '1 bedroom', '2 beds', '1 bath']","['Kitchen', 'Wifi', 'Dedicated workspace', 'TV', 'Elevator']",55,N/A,N/A
Downtown East Condo Full Amenities,Entire rental unit hosted by Caley,180,N/A,"['3 guests', '1 bedroom', '1 bed', '1 bath']","['Courtyard view', 'Valley view', 'Kitchen', 'Wifi', 'Dedicated workspace']",57,"[5.0, 3]","['5.0', '5.0', '5.0', '5.0', '5.0', '5.0']"
Stylish Condo Heart of Downtown,Entire rental unit hosted by Keysha Cleopatra Rebeca,312,240,"['2 guests', '1 bedroom', '1 bed', '1 bath']","['Kitchen', 'Wifi', 'TV', 'Elevator', 'Free washer – In unit']",37,"[5.0, 11]","['5.0', '5.0', '5.0', '5.0', '5.0', '4.6']"
Stylish Condo Heart of Downtown,Entire rental unit hosted by William,312,240,"['2 guests', '1 bedroom', '1 bed', '1 bath']","['Kitchen', 'Wifi', 'TV', 'Elevator', 'Free washer – In unit']",37,"[4.92, 12]",N/A
Penthouse condo near downtown Toronto,Place to stay in a condo hosted by Lindsay,181,160,"['2 guests', '1 bedroom', '1 bed', '1 private bath']","['City skyline view', 'Public or shared beach access', 'Kitchen', 'Wifi', 'Dedicated workspace']",66,"[4.79, 89]","['4.6', '4.8', '4.7', '4.9', '4.7', '4.6']"
Stylish Condo Heart of Downtown,Entire rental unit hosted by Adam,310,240,"['2 guests', '1 bedroom', '1 bed', '1 bath']",N/A,N/A,"[4.9, 39]","[4.9, 4.9, 4.9, 5.0, 4.9, 4.8]"
1 Bedroom Condo Higher floor,Entire rental unit hosted by Syed Waheed UR,350,245,"['2 guests', '1 bedroom', '1 bed', '1 bath']",N/A,N/A,"[4.55, 11]","['4.5', '4.7', '4.5', '4.7', '4.8', '4.2']"
Beautiful Downtown Toronto Condo,Entire rental unit hosted by Nest,233,206,"['3 guests', '1 bedroom', '2 beds', '1 bath']","['Kitchen', 'Wifi', 'Dedicated workspace', 'Pool', 'Hot tub', 'TV', 'Washer', 'Air conditioning', 'Gym in building', 'Paid street parking off premises']",22,"[4.67, 6]","[4.5, 4.8, 4.5, 4.8, 5.0, 4.5]"
N/A,N/A,109,N/A,N/A,N/A,N/A,N/A,N/A
Cozy Condo Downtown + 1 Free Parking,Entire rental unit hosted by Yusuf,236,N/A,"['2 guests', 'Studio', '1 bed', '1 bath']","['Kitchen', 'Wifi', 'Free parking garage on premises – 1 space', 'Pool', 'Hot tub']",41,N/A,N/A
Unique Loft in Quiet Pocket | Close to U of T/UHN,Entire loft hosted by Kimberley,205,N/A,"['3 guests', '1 bedroom', '1 bed', '1 bath']","['Kitchen', 'Wifi', 'Dedicated workspace', 'Free driveway parking on premises – 1 space', '42"" HDTV with Netflix, premium cable']",50,"[4.97, 31]",N/A
Luxury Modern *Scotiabank arena*,Entire rental unit hosted by Antoinette,363,293,"['4 guests', '1 bedroom', '2 beds', '1 bath']","['Kitchen', 'Wifi', 'HDTV with Amazon Prime Video, Netflix', 'Elevator', 'EV charger']",52,"[4.94, 32]",N/A
Cutie Pie Family Condo near CN Tower,Entire condo hosted by Eric Li Xing,498,291,"['5 guests', '2 bedrooms', '2 beds', '1 bath']","['Beach access', 'Ski-in/Ski-out', 'Kitchen', 'Wifi', 'Dedicated workspace']",50,"[4.76, 46]",N/A
Stylish Condo Downtown + 1 Free Parking,Entire rental unit hosted by Timmothy,236,N/A,"['2 guests', '1 bedroom', '1 bed', '1 bath']","['Kitchen', 'Wifi', 'Free parking garage on premises – 1 space', 'Shared indoor pool – available all year, open specific hours', 'Hot tub']",41,N/A,N/A
Stylish Condo Heart of Downtown,Entire rental unit hosted by Keysha Cleopatra Rebeca,312,240,"['2 guests', '1 bedroom', '1 bed', '1 bath']","['Kitchen', 'Wifi', 'TV', 'Elevator', 'Free washer – In unit']",37,"[5.0, 11]","['5.0', '5.0', '5.0', '5.0', '5.0', '4.6']"
*Downtown Toronto* - FREE Parking|Wi-Fi|Gym,Entire condo hosted by Luca,251,N/A,"['3 guests', '1 bedroom', '1 bed', '1 bath']","['City skyline view', 'Kitchen', 'Wifi', 'Dedicated workspace', 'Free parking on premises']",59,"[5.0, 10]",N/A
30 minutes drive to Pearson Airport,Entire rental unit hosted by Etch,60,N/A,"['2 guests', '1 bedroom', '1 bed', '1 bath']",N/A,N/A,"[4.44, 75]","['4.5', '4.5', '4.6', '4.7', '4.3', '4.6']"
Yorkville - Luxury Condo in the heart of Downtown,Place to stay in a condo hosted by Muhammad Ali,248,179,"['5 guests', '1 bedroom', '1 bed', '1 private bath']",N/A,N/A,"[4.26, 108]","[None, None, None, None, None, None]"
Downtown Skyline View Condo,Entire rental unit hosted by Mahmuda,188,N/A,"['2 guests', '1 bedroom', '1 bed', '1 bath']",N/A,N/A,"[4.44, 9]",N/A
Chic Condo Downtown Toronto,Entire rental unit hosted by Shemar,250,N/A,"['2 guests', '1 bedroom', '1 bed', '1 bath']","['City skyline view', 'Kitchen', 'Wifi', '50"" HDTV with Netflix', 'Elevator', 'Washer', 'Dryer', 'Bathtub', 'Hair dryer', 'Blomberg refrigerator']",42,"[4.77, 26]","[5.0, 4.8, 5.0, 5.0, 5.0, 4.6]"
Stylish Condo Near CN Tower,Entire rental unit hosted by Rosie,313,240,"['2 guests', '1 bedroom', '1 bed', '1 bath']","['Kitchen', 'Wifi', 'Shared outdoor pool – available seasonally, open specific hours, infinity', 'Shared hot tub – available all year, open specific hours', 'TV']",44,"[5.0, 30]",N/A
Peaceful Nordic getaway in Downtown,Entire rental unit hosted by Nadika Marissa,469,273,"['5 guests', '1 bedroom', '3 beds', '1 bath']","['Waterfront', 'Kitchen', 'Wifi', 'Free parking garage on premises – 1 space', 'TV']",43,"[4.88, 16]",N/A
Studio Apartment in Downtown Toronto,Entire rental unit hosted by Alex,156,N/A,"['3 guests', '1 bedroom', '1 bed', '1 bath']","['Kitchen', 'Wifi', 'Dedicated workspace', 'Free parking on premises', 'Pets allowed', 'Paid washer-In building', 'Paid dryer-In building', 'Air conditioning', 'Security cameras on property', 'Unavailable: Carbon monoxide alarm']",30,"[4.75, 4]",N/A
Beautiful house in vibrant downtown neighbourhood,Entire home hosted by Jessica,251,N/A,"['5 guests', '3 bedrooms', '3 beds', '1 bath']","['Kitchen', 'Wifi', 'Dedicated workspace', 'Pets allowed', 'TV with Amazon Prime Video, Netflix, Roku']",66,"[4.74, 107]",N/A
Urban Oasis in the heart of Toronto,Entire condo hosted by Leon,304,243,"['4 guests', '1 bedroom', '2 beds', '1 bath']","['City skyline view', 'Kitchen', 'Wifi', 'Dedicated workspace', 'Pets allowed', '50"" TV with Netflix', 'Paid washer - In building', 'Free dryer - In unit', 'Central air conditioning', 'Bathtub']",39,"[4.71, 35]",N/A
Chic Condo Downtown Toronto,Entire rental unit hosted by Shemar,250,N/A,"['2 guests', '1 bedroom', '1 bed', '1 bath']","['City skyline view', 'Kitchen', 'Wifi', '50"" HDTV with Netflix', 'Elevator', 'Washer', 'Dryer', 'Bathtub', 'Hair dryer', 'Blomberg refridgerator']",42,"[4.77, 26]","[5.0, 4.8, 5.0, 5.0, 5.0, 4.6]"
Urban Sanctuary: Pet Friendly w/ HotTub + Fire Pit,Entire rental unit hosted by Saroj,311,261,"['4 guests', '1 bedroom', '2 beds', '1 bath']",N/A,N/A,"[4.9, 10]",N/A
Stylish Condo Near CN Tower,Entire rental unit hosted by Rosie,313,240,"['2 guests', '1 bedroom', '1 bed', '1 bath']","['Kitchen', 'Wifi', 'Shared outdoor pool – available seasonally, open specific hours, infinity', 'Shared hot tub – available all year, open specific hours', 'TV']",44,"[5.0, 30]","['5.0', '4.9', '4.8', '4.9', '5.0', '4.8']"
Peaceful Nordic getaway in Downtown,Entire rental unit hosted by Nadika Marissa,469,273,"['5 guests', '1 bedroom', '3 beds', '1 bath']","['Waterfront', 'Kitchen', 'Wifi', 'Free parking garage on premises – 1 space', 'TV']",43,"[4.88, 16]",N/A
Beautiful house in vibrant downtown neighbourhood,Entire home hosted by Jessica,251,N/A,"['5 guests', '3 bedrooms', '3 beds', '1 bath']","['Kitchen', 'Wifi', 'Dedicated workspace', 'Pets allowed', 'TV with Amazon Prime Video, Netflix, Roku']",66,"[4.74, 107]",N/A
Urban Oasis in the heart of Toronto,Entire condo hosted by Leon,304,243,"['4 guests', '1 bedroom', '2 beds', '1 bath']","['City skyline view', 'Kitchen', 'Wifi', 'Dedicated workspace', 'Pets allowed', '50"" TV with Netflix', 'Paid washer - In building', 'Free dryer - In unit', 'Central air conditioning', 'Bathtub']",39,"[4.71, 35]","[4.5, 4.7, 4.8, 4.9, 4.8, 4.7]"
Stylish Condo Heart of Downtown,Entire rental unit hosted by William,312,240,"['2 guests', '1 bedroom', '1 bed', '1 bath']","['Kitchen', 'Wifi', 'TV', 'Elevator', 'Free washer – In unit']",37,"[4.92, 12]",N/A
Downtown Luxury Condo - Liberty Village,Entire rental unit hosted by Yussef,200,N/A,"['2 guests', '1 bedroom', '1 bed', '1 bath']",N/A,N/A,N/A,N/A
Cozy 2 bedroom,Entire rental unit hosted by Chi,280,N/A,"['4 guests', '2 bedrooms', '2 beds', '2 baths']","['Kitchen', 'Wifi', 'TV', 'Washer', 'Air conditioning']",34,"[5.0, 3]",N/A
"Chic, Centrally Located 1 Bedroom Suite",Place to stay in a guest suite hosted by Gustavo A,139,N/A,"['2 guests', '1 bedroom', '1 bed', '1 private bath']","['Kitchen', 'Wifi', '50"" HDTV with Amazon Prime Video, Netflix, premium cable', 'Free dryer - In unit', 'AC - split-type-ductless system', 'Luggage drop - off allowed', 'Hair dryer', 'Refrigerator', 'Microwave']",49,"[4.99, 75]","[5.0, 5.0, 5.0, 5.0, 4.9, 5.0]"
"Bright 1BR Suite CN Tower/Lake View, Free Parking",Place to stay in a rental unit hosted by Suihong,209,N/A,"['4 guests', '1 bedroom', '2 beds', '1 bath']","['Kitchen', 'Wifi', 'Free parking on premises', 'TV', 'Washer', 'Dryer', 'Air conditioning', 'Patio or balcony', 'Luggage drop-off allowed', 'High chair']",53,"[5.0, 4]",N/A
Stylish Condo Heart of Downtown,Entire rental unit hosted by Adam,310,240,"['2 guests', '1 bedroom', '1 bed', '1 bath']",N/A,N/A,"[4.9, 39]",N/A
"Cozy, Great View, Large Balcony, Close to Transit",Entire condo hosted by Karl,227,N/A,"['2 guests', 'Studio', '1 bed', '1 bath']","['City skyline view', 'Lake view', 'Kitchen', 'Wifi', 'Dedicated workspace', 'Unavailable: Carbon monoxide alarm']",45,"[4.96, 28]","['5.0', '5.0', '4.8', '5.0', '5.0', '4.9']"
High Rise View Entire Place 1bdr,Entire rental unit hosted by Francesca,274,243,"['2 guests', '1 bedroom', '1 bed', '1 bath']","['Kitchen', 'Fast Wifi - 415 Mbps', '50"" HDTV with Amazon Prime Video, Fire TV, Hulu, Netflix', 'Washer', 'Dryer - In unit', 'Air conditioning', 'Bathtub', 'Hair dryer', 'Refrigerator']",42,"[5.0, 8]","[4.9, 5.0, 5.0, 5.0, 5.0, 4.9]"
Luxury Downtown Condo + Private Entrance + Parking,Entire condo hosted by Shengye,335,N/A,"['4 guests', '2 bedrooms', '2 beds', '3 baths']",N/A,N/A,N/A,N/A
•POPULAR•#Entire Luxury condo #Downtown Core,Entire condo hosted by Jin,329,270,"['3 guests', '1 bedroom', '1 bed', '1 bath']","['City skyline view', 'Lake view', 'Kitchen', 'Wifi', 'Dedicated workspace']",54,"[4.91, 11]",N/A
Bright 2nd-Floor 2 BR Apartment in Historic Annex,Entire home hosted by Pan Patrick,209,N/A,"['4 guests', '2 bedrooms', '2 beds', '1 bath']","['Kitchen', 'Fast wifi – 662 Mbps', 'TV', 'Washer', 'Free dryer – In unit']",35,"[4.88, 51]","['4.7', '4.9', '4.9', '4.9', '4.9', '4.7']"
N/A,N/A,N/A,N/A,N/A,N/A,N/A,N/A,N/A
"Eco-Friendly 2BR Laneway Home, near U of T/Subway",Entire home hosted by Edward,380,340,"['4 guests', '2 bedrooms', '2 beds', '2 baths']","['Kitchen', 'Wifi', 'Dedicated workspace', '65"" HDTV', 'Air conditioning']",39,"[4.93, 14]","['5.0', '4.9', '4.9', '5.0', '4.8', '4.6']"
"Bright and Warm, Luxury Annex Loft",Entire loft hosted by Daniel,270,190,"['3 guests', '1 bedroom', '2 beds', '1 bath']",N/A,N/A,"[4.87, 23]","[5.0, 4.9, 4.5, 4.9, 5.0, 4.7]"
Private Downtown Room close to subway.,Place to stay in a guest suite hosted by Joshua,75,N/A,"['2 guests', '1 bedroom', '1 bed', '1 private bath']",N/A,N/A,"[4.59, 92]","[4.5, 4.5, 4.9, 5.0, 4.6, 4.4]"
Condo in downtown Toronto,Entire rental unit hosted by Hootan,380,295,"['4 guests', '1 bedroom', '3 beds', '2 baths']",N/A,N/A,"[4.88, 8]","['5.0', '4.9', '4.6', '4.8', '5.0', '4.9']"
N/A,N/A,80,N/A,N/A,N/A,N/A,N/A,"['4.8', '4.9', '5.0', '5.0', '4.9', '4.7']"
AUTHENTIC FEATHER FACTORY HARD LOFT!!!,Entire loft hosted by Adrian,176,N/A,"['2 guests', '1 bedroom', '1 bed', '1 bath']","['Kitchen', 'Wifi', 'Dedicated workspace', 'Free street parking', 'Pets allowed']",29,"[4.84, 229]","['4.9', '4.9', '4.9', '4.9', '4.8', '4.8']"
N/A,N/A,162,N/A,N/A,N/A,N/A,N/A,"['4.8', '4.9', '4.9', '5.0', '5.0', '4.8']"
Spacious Private Room in Heart of Toronto,N/A,125,N/A,N/A,N/A,N/A,"[4.93, 40]","[5.0, 4.9, 5.0, 4.9, 4.7, 4.8]"
Bedroom and Bathroom by the Lake,Place to stay in a condo hosted by Andrew,93,N/A,"['2 guests', '1 bedroom', '1 bed', '1 private bath']",N/A,N/A,"[4.87, 302]","[4.7, 4.9, 4.9, 5.0, 4.9, 4.9]"
Stylish Condo Heart of Downtown,Entire rental unit hosted by Cristhopher,236,N/A,"['2 guests', '1 bedroom', '1 bed', '1 bath']","['Kitchen', 'Wifi', 'TV', 'Elevator', 'Free washer – In unit']",38,"[4.67, 3]","['4.7', '4.3', '4.7', '5.0', '5.0', '4.3']"
Contemporary Studio with Patio and Parking,Entire guest suite hosted by Christina,195,N/A,"['3 guests', 'Studio', '2 beds', '1 bath']",N/A,N/A,"[4.98, 47]","[5.0, 5.0, 5.0, 5.0, 5.0, 4.9]"
Deerleap Glamping Dome,Dome hosted by Hong,220,N/A,"['4 guests', '1 bedroom', '1 bed', '1 bath']",N/A,N/A,"[4.94, 95]",N/A
Lovely 1-bedroom unit in the heart of little Italy,N/A,130,N/A,N/A,N/A,N/A,"[4.69, 198]","[4.8, 4.8, 4.9, 4.9, 4.8, 4.7]"
"Wow! Best view in Toronto, 2BR, 30 sec to CN tower",Entire condo hosted by Vladyslav,282,N/A,"['8 guests', '2 bedrooms', '5 beds', '2 baths']","['Canal view', 'City skyline view', 'Kitchen', 'Wifi', 'Dedicated workspace']",55,N/A,N/A
Lovely 2BR South Riverdale Unit - Steps to TTC,Entire rental unit hosted by Firoozeh,182,N/A,"['4 guests', '2 bedrooms', '2 beds', '1 bath']",[],,"[4.17, 6]",N/A
Yorkville Condo Hotel Room: Luxury Stay in Toronto,Hotel hosted by Meriam,257,N/A,"['3 guests', '1 bedroom', '2 beds', '1 private bath']",N/A,N/A,"[4.88, 43]","[4.9, 4.9, 4.8, 5.0, 4.9, 4.8]"
,Entire rental unit hosted by Serendip,296,250,"['2 guests', '1 bedroom', '1 bed', '1 bath']","['Kitchen', 'Wifi', '50"" HDTV with Amazon Prime Video', 'Free washer - In unit', 'Free ryer - In unit', 'Air conditioning', 'Bathtub', 'Hair Dryer', 'Refrigerator', 'Security cameras on property']",36,"[5.0, 22]",N/A
Lakeside Downtown Oasis accommodating 4 ppl,Entire condo hosted by Valerii,341,270,"['4 guests', '2 bedrooms', '1 bed', '1 bath']","['Lake view', 'Waterfront', 'Kitchen', 'Wifi', 'Shared pool']",53,"[4.92, 71]",N/A
N/A,N/A,64,N/A,N/A,N/A,N/A,N/A,"['4.8', '5.0', '5.0', '5.0', '4.8', '4.9']"
Lovely basement apartment unit,Entire home hosted by Mahlagha,98,N/A,"['2 guests', '1 bedroom', '1 bed', '1 bath']",N/A,N/A,N/A,N/A
Stylish Condo Near CN Tower,Entire rental unit hosted by Daniela,312,240,"['2 guests', '1 bedroom', '1 bed', '1 bath']","['Kitchen', 'Wifi', 'Shared outdoor pool – available seasonally, open specific hours, infinity', 'Shared hot tub – available all year, open specific hours', 'TV']",43,"[5.0, 5]",N/A
Airy One Bedroom Apartment on Transit Line,Entire rental unit hosted by Robin,220,N/A,"['4 guests', '1 bedroom', '2 beds', '1 bath']",N/A,N/A,"[4.61, 18]",N/A
Stunning 3BR House in Trendy Leslieville-Sleeps 6,Entire home hosted by Adam,339,N/A,"['6 guests', '3 bedrooms', '3 beds', '3 baths']","['Kitchen', 'Wifi', 'Dedicated workspace', 'Private sauna', 'TV']",45,N/A,N/A
"1Bedrm Condo|❤️ of Dt-Union Stn, Scotiabank Arena",Entire condo hosted by Baraq,328,255,"['3 guests', '1 bedroom', '2 beds', '1 bath']","['Kitchen', 'Wifi', 'Dedicated workspace', 'TV', 'Elevator']",49,"[4.87, 151]","['4.8', '4.8', '4.9', '5.0', '5.0', '4.8']"
Luxury condo in Downtown TO with WFH setup,Entire rental unit hosted by Pavithra,203,N/A,"['2 guests', '1 bedroom', '1 bed', '1.5 baths']",N/A,N/A,"[5.0, 3]","['5.0', '5.0', '4.7', '5.0', '5.0', '5.0']"
Your home in Toronto downtown,Entire rental unit hosted by Hannan,219,N/A,"['2 guests', 'Studio', '1 bed', '1 bath']",N/A,N/A,"[4.6, 10]",N/A
View of Lake Ontario close to King West + Parking,Entire condo hosted by Corey,225,N/A,"['3 guests', '1 bedroom', '1 bed', '1 bath']","['City skyline view', 'Lake view', 'Waterfront', 'Kitchen', 'Wifi', 'Unavailable: Carbon monoxide alarm']",47,"[4.77, 83]",N/A
College Street Comfort,N/A,61,N/A,N/A,N/A,N/A,"[4.83, 181]","[4.7, 4.9, 4.9, 5.0, 4.8, 4.8]"
Stylish 2-Bedroom on Ossington Strip |Free Parking,Entire rental unit hosted by Husain,337,235,"['5 guests', '2 bedrooms', '3 beds', '1 bath']",N/A,N/A,"[5.0, 15]","['4.9', '5.0', '5.0', '4.9', '4.9', '4.8']"
Downtown Oasis - Lake View & Parking,Entire condo hosted by Jennifer,N/A,N/A,"['2 guests', '1 bedroom', '1 bed', '1 bath']",N/A,N/A,N/A,N/A
N/A,N/A,N/A,N/A,N/A,N/A,N/A,N/A,N/A
Condo DT! Modern & Spacious,Entire rental unit hosted by Jagdeep,327,269,"['5 guests', '2 bedrooms', '3 beds', '1 bath']",N/A,N/A,"[5.0, 11]",N/A
Downtown Toronto with foosball table,Entire rental unit hosted by Julia Anne,251,N/A,"['4 guests', '1 bedroom', '1 bed', '1 bath']",N/A,N/A,"[4.67, 9]",N/A
Stunning 2-storey 2BR loft W/parking King St DT,Entire rental unit hosted by Shifat,339,N/A,"['6 guests', '2 bedrooms', '3 beds', '2 baths']","['City skyline view', 'Kitchen', 'Wifi', 'Dedicated workspace', 'Free parking garage on premises – 1 space']",58,"[5.0, 14]",N/A
"Cozy, private, downtown studio in Little Italy.",Place to stay in a home hosted by Kiran,144,N/A,"['4 guests', '1 bedroom', '1 bed', '1 private bath']",N/A,N/A,"[4.81, 146]","['4.7', '4.8', '4.9', '4.9', '4.9', '4.7']"
Prestigious Yorkville Condo w/ Free Valet Parking,Entire condo hosted by Ali,310,N/A,"['4 guests', '1 bedroom', '2 beds', '1 bath']","['City skyline view', 'Kitchen', 'Wifi', 'Free parking on premises – 1 space', '60"" HDTV with standard cable']",53,"[4.92, 39]","['4.8', '4.9', '5.0', '5.0', '5.0', '4.7']"
N/A,N/A,162,N/A,N/A,N/A,N/A,N/A,"['4.8', '5.0', '5.0', '5.0', '5.0', '4.8']"
"Cozy, private, downtown studio in Little Italy.",Place to stay in a home hosted by Kiran,144,N/A,"['4 guests', '1 bedroom', '1 bed', '1 private bath']",N/A,N/A,"[4.81, 146]","['4.7', '4.8', '4.9', '4.9', '4.9', '4.7']"
Prestigious Yorkville Condo w/ Free Valet Parking,Entire condo hosted by Ali,310,N/A,"['4 guests', '1 bedroom', '2 beds', '1 bath']","['City skyline view', 'Kitchen', 'Wifi', 'Free parking on premises – 1 space', '60"" HDTV with standard cable']",53,"[4.92, 39]",N/A
1-bedroom apartment in Little Italy,Entire rental unit hosted by Lauren,201,N/A,"['2 guests', '1 bedroom', '1 bed', '1 bath']","['Kitchen', 'Wifi', 'Dedicated workspace', '50"" HDTV with Amazon Prime Video, HBO Max, Netflix, Roku', 'Washer']",42,"[4.97, 35]","['4.8', '5.0', '5.0', '5.0', '4.9', '4.9']"
Central unique Apartment DowntownToronto,Entire rental unit hosted by Jesse,386,208,"['4 guests', '2 bedrooms', '2 beds', '2 baths']",N/A,N/A,"[4.67, 3]","['5.0', '5.0', '5.0', '5.0', '5.0', '5.0']"
* Jacuzzi* Guest Suite Steps to the Beach!,Entire guest suite hosted by Dasha,146,N/A,"['4 guests', '1 bedroom', '2 beds', '1 bath']","['Beach access', 'Kitchen', 'Wifi', 'Free parking on premises', 'Private hot tub']",53,"[4.86, 482]","['4.8', '4.8', '4.9', '4.9', '4.9', '4.8']"
Converted Two Story Dance Studio With Terrace,Entire loft hosted by Thomas,420,N/A,"['3 guests', '1 bedroom', '1 bed', '1 bath']",N/A,N/A,"[5.0, 39]",N/A
Private Room in Downtown Toronto,N/A,99,N/A,N/A,N/A,N/A,"[5.0, 5]","['5.0', '5.0', '5.0', '5.0', '5.0', '5.0']"
Beautiful Downtown 2B+2Bth Condo,Entire condo hosted by Rupak,319,N/A,"['5 guests', '2 bedrooms', '3 beds', '2 baths']","['Pool view', 'City skyline view', 'Kitchen', 'Wifi', 'TV']",32,"[5.0, 4]",N/A
Yorkville 1BD With Private Terrace,Entire condo hosted by Zahra,264,220,"['2 guests', '1 bedroom', '1 bed', '1 bath']",N/A,N/A,"[5.0, 9]","['5.0', '5.0', '5.0', '5.0', '5.0', '5.0']"
N/A,N/A,120,96,N/A,N/A,N/A,N/A,N/A
Luxury 1BR - Walk to CN Tower - Convention Centre,Entire rental unit hosted by Shakila,285,228,"['2 guests', '1 bedroom', '2 beds', '1 bath']","['Kitchen', 'Wifi', 'Dedicated workspace', 'TV', 'Elevator']",55,N/A,N/A
Scenic View! Luxury entire condo/Toronto Downtown,Entire condo hosted by Sooji,282,N/A,"['3 guests', '1 bedroom', '3 beds', '1 bath']","['Kitchen', 'Wifi', 'Dedicated workspace', 'TV', 'Elevator']",43,"[4.85, 79]",N/A
Lovely Bright 1 Bedroom in Great Area - Sleeps 4!,Entire condo hosted by Achela,310,243,"['4 guests', '1 bedroom', '1 bed', '1 bath']","['City skyline view', 'Kitchen', 'Wifi', 'Dedicated workspace', 'TV', 'Elevator', 'Free washer - In unit', 'Free dryer - In unit', 'Central air conditioning', 'Bathtub']",44,"[4.7, 43]",N/A
Luxury Condo in Central Toronto w/ Rooftop Pool,Entire rental unit hosted by Isabella,278,222,"['5 guests', '2 bedrooms', '2 beds', '2 baths']",N/A,N/A,N/A,N/A
Stylish and Modern 1BR Condo in Trendy King East,Entire condo hosted by Antonio,299,267,"['4 guests', '1 bedroom', '1 bed', '1 bath']","['City skyline view', 'Kitchen', 'Wifi', 'TV with standard cable', 'Elevator']",48,"[4.85, 117]",N/A
Luxurious Downtown Condo w/ King Bed,Entire rental unit hosted by Matt,375,N/A,"['6 guests', '2 bedrooms', '3 beds', '2 baths']","['City skyline view', 'Public of shared beach access', 'Kitchen', 'Wifi', 'Dedicated workspace', 'Free parking on premises', 'Pets allowed', '50"" HDTV', 'Elevator', 'Security cameras on property']",53,"[5.0, 4]",N/A
Comfortable 1BR Condo in Yorkville,Entire condo hosted by Ana,278,N/A,"['2 guests', '1 bedroom', '1 bed', '1 bath']","['Kitchen', 'Wifi', 'Dedicated workspace', 'TV', 'Elevator']",50,N/A,N/A
Scenic View! Luxury entire condo/Toronto Downtown,Entire condo hosted by Sooji,282,N/A,"['3 guests', '1 bedroom', '3 beds', '1 bath']","['Kitchen', 'Wifi', 'Dedicated workspace', 'TV', 'Elevator']",43,"[4.85, 79]",N/A
Lovely Bright 1 Bedroom in Great Area - Sleeps 4!,Entire condo hosted by Achela,310,243,"['4 guests', '1 bedroom', '1 bed', '1 bath']","['City skyline view', 'Kitchen', 'Wifi', 'Dedicated workspace', 'TV', 'Elevator', 'Free washer - In unit', 'Free dryer - In unit', 'Central air conditioning', 'Bathtub']",44,"[4.7, 43]",N/A
Luxury Condo in Central Toronto w/ Rooftop Pool,Entire rental unit hosted by Isabella,278,222,"['5 guests', '2 bedrooms', '2 beds', '2 baths']",N/A,N/A,N/A,N/A
Stylish and Modern 1BR Condo in Trendy King East,Entire condo hosted by Antonio,299,267,"['4 guests', '1 bedroom', '1 bed', '1 bath']","['City skyline view', 'Kitchen', 'Wifi', 'TV with standard cable', 'Elevator']",48,"[4.85, 117]","['4.8', '5.0', '4.9', '4.9', '4.9', '4.7']"
Luxurious Downtown Condo w/ King Bed,Entire rental unit hosted by Matt,375,N/A,"['6 guests', '2 bedrooms', '3 beds', '2 baths']","['City skyline view', 'Public or shared beach access', 'Kitchen', 'Wifi', 'Dedicated workspace', 'Free parking on premises', 'Pets allowed', '50"" HDTV', 'Elevator', 'Security cameras on property']",53,"[5.0, 4]","[5.0, 5.0, 5.0, 5.0, 5.0, 5.0]"
Comfortable 1BR Condo in Yorkville,Entire condo hosted by Ana,278,N/A,"['2 guests', '1 bedroom', '1 bed', '1 bath']","['Kitchen', 'Wifi', 'Dedicated workspace', 'TV', 'Elevator']",50,N/A,N/A
Downtown Condo + 1 Free Parking,Entire rental unit hosted by Jonathan,410,240,"['2 guests', '1 bedroom', '1 bed', '1 bath']",N/A,N/A,"[4.82, 38]","[5.0, 4.9, 4.8, 4.9, 4.9, 4.5]"
Post-modern quiet city loft: January only!,Entire rental unit hosted by Koren,N/A,N/A,"['2 guests', '1 bedroom', '1 bed', '1 bath']",N/A,N/A,N/A,N/A
Entertainment District DT-Toronto Close to CNTower,Entire rental unit hosted by Simranpreet,195,N/A,"['2 guests', '1 bedroom', '1 bed', '1 bath']","['Kitchen', 'Wifi', 'TV', 'Elevator', 'Air conditioning', 'Unavailable: Carbon monoxide alarm']",34,"[4.91, 22]",N/A
Stylish Luxe Private Bedroom In Downtown Toronto,N/A,121,105,N/A,N/A,N/A,"[4.85, 47]","[5.0, 4.9, 5.0, 4.9, 4.6, 4.7]"
N/A,N/A,102,N/A,N/A,N/A,N/A,N/A,N/A
N/A,N/A,118,N/A,N/A,N/A,N/A,N/A,N/A
Prime 1BR by Bloor/Yonge/U of T,Entire rental unit hosted by Xiao Yan,195,N/A,"['4 guests', '1 bedroom', '2 beds', '1 bath']",N/A,N/A,N/A,N/A
Charming 1BR Suite with Pool & Gym - Ent. District,Entire condo hosted by Promila,280,212,"['3 guests', '1 bedroom', '2 beds', '1 bath']",N/A,N/A,"[4.52, 23]",N/A
1 BDRM + 1 Bath + Balcony - CN Tower view/ACC/MTCC,Entire condo hosted by Shifeng,230,N/A,"['2 guests', '1 bedroom', '1 bed', '1 bath']","['Kitchen', 'Wifi', 'Elevator', 'Free washer – In unit', 'Free dryer – In unit']",39,"[5.0, 3]",N/A
N/A,N/A,51,N/A,N/A,N/A,N/A,N/A,"[4.3, 4.7, 4.9, 4.9, 4.9, 4.7]"
Spacious Studio w/ View! Steps from Eatons & TMU!,Entire rental unit hosted by Purbasha,217,N/A,"['2 guests', 'Studio', '1 bed', '1 bath']",N/A,N/A,"[5.0, 15]",N/A
Spacious Stylish Room in Downsview Park W/ balcony,N/A,96,72,N/A,N/A,N/A,N/A,N/A
Guest suite in Toronto,N/A,68,N/A,N/A,N/A,N/A,N/A,N/A
Charming Private Room in Kensington Market,N/A,130,N/A,N/A,N/A,N/A,"[4.91, 33]","[4.9, 4.9, 4.9, 5.0, 4.8, 4.9]"
N/A,N/A,160,N/A,N/A,N/A,N/A,N/A,"['4.4', '5.0', '4.6', '5.0', '5.0', '4.6']"
Luxury Modern Home in Toronto,Entire home hosted by Tu-Quyen,453,370,"['6 guests', '3 bedrooms', '4 beds', '2.5 baths']","['Kitchen', 'Wifi', 'Dedicated workspace', 'Free parking on premises', 'Pets allowed']",49,N/A,N/A
"Main fl Annex, private garden oasis, welcome dogs!",Entire rental unit hosted by David,241,192,"['3 guests', '1 bedroom', '1 bed', '1 bath']",N/A,N/A,"[5.0, 9]","['5.0', '5.0', '5.0', '5.0', '5.0', '4.9']"
Lux Condo Heart of Yorkville,Entire rental unit hosted by Antonio De Jesus,229,N/A,"['2 guests', '1 bedroom', '1 bed', '1 bath']","['City skyline view', 'Kitchen', 'Wifi', 'Dedicated workspace', '45"" HDTV']",45,"[4.87, 15]","['4.9', '4.9', '4.6', '4.7', '4.9', '4.5']"
Private suite w/ vintage charm,Place to stay in a home hosted by Christopher,128,N/A,"['2 guests', '1 bedroom', '1 bed', '1 private bath']","['Kitchen', 'Wifi', '40"" TV with Netflix', 'Air conditioning', 'Bathtub']",38,N/A,N/A
Spacious & Vibrant upstairs apartment,Entire rental unit hosted by Daniel P,151,126,"['2 guests', '1 bedroom', '1 bed', '1 bath']","['City skyline view', 'Kitchen', 'Wifi', 'Dedicated workspace', 'Pets allowed']",57,"[4.91, 94]",N/A
Spacious family friendly unit in Christie Pits,Entire guest suite hosted by Tracy,200,174,"['4 guests', '1 bedroom', '3 beds', '1 bath']",N/A,N/A,"[5.0, 5]","[5.0, 5.0, 5.0, 5.0, 5.0, 5.0]"
N/A,N/A,126,104,N/A,N/A,N/A,N/A,N/A
Modern 1B Apartment in StClair & Bathurst,Entire rental unit hosted by Helen,239,205,"['2 guests', '1 bedroom', '1 bed', '1 bath']",N/A,N/A,"[4.93, 15]","['4.9', '4.9', '4.9', '4.9', '4.9', '4.5']"
Luxury Suite 65th Floor - Epic Lake & Island View!,Entire condo hosted by Zhenzhen,236,N/A,"['3 guests', '1 bedroom', '1 bed', '1 bath']",N/A,N/A,"[4.83, 48]","['4.8', '4.9', '4.8', '4.8', '4.9', '4.7']"
Downtown Boho Luxury 1BR Retreat,Entire rental unit hosted by Zach,300,N/A,"['3 guests', '1 bedroom', '2 beds', '1 bath']",N/A,N/A,"[4.75, 4]",N/A
Free Parking|Entire 2Br+Balcony|Downtown|Skyline,Entire rental unit hosted by Aliakbar,503,313,"['7 guests', '2 bedrooms', '2 beds', '1 bath']",N/A,N/A,"[4.88, 33]",N/A
Entire level near the Annex with a garden oasis,Entire home hosted by Vinod,201,N/A,"['2 guests', '1 bedroom', '1 bed', '1 bath']",N/A,N/A,"[5.0, 3]",N/A
N/A,N/A,151,121,N/A,N/A,N/A,N/A,N/A
Heaven down under!,Entire home hosted by Jamie,189,N/A,"['2 guests', '1 bedroom', '1 bed', '1 bath']",N/A,N/A,"[5.0, 10]","['5.0', '5.0', '5.0', '4.9', '4.8', '4.8']"
Entire Condo + Free Parking Downtown Toronto,Entire rental unit hosted by Dunis Kevin,291,N/A,"['2 guests', '1 bedroom', '1 bed', '1 bath']",N/A,N/A,"[4.58, 78]","['4.5', '4.8', '4.7', '4.8', '4.6', '4.4']"
Entire Condo + Free Parking Downtown Toronto,Entire rental unit hosted by Dunis Kevin,291,N/A,"['2 guests', '1 bedroom', '1 bed', '1 bath']",N/A,N/A,"[4.58, 78]",N/A
Cocktails and Dreams,Entire rental unit hosted by Nick,295,N/A,"['4 guests', '1 bedroom', '2 beds', '1 bath']","['Kitchen', 'Wifi', 'Dedicated workspace', 'Free parking on premises', 'Pets allowed']",14,"[5.0, 9]",N/A
N/A,N/A,110,N/A,N/A,N/A,N/A,N/A,N/A
Stylish Condo + 1 Free Parking,Entire rental unit hosted by Pamela,306,236,"['2 guests', '1 bedroom', '1 bed', '1 bath']",N/A,N/A,"[4.76, 33]","[4.9, 4.9, 4.7, 4.9, 4.9, 4.6]"
Cozy 1BR+Den Steps to CN Tower with Balcony,Entire condo hosted by Wei-Chung,359,N/A,"['3 guests', '1 bedroom', '3 beds', '1 bath']","['Kitchen', 'Wifi', 'TV', 'Elevator', 'Washer']",45,N/A,N/A
Beautiful Suite in Historic Cabbagetown,Entire guest suite hosted by Henry,300,N/A,"['2 guests', '1 bedroom', '1 bed', '1 bath']",N/A,N/A,"[4.9, 58]","['4.9', '5.0', '5.0', '4.9', '4.9', '4.8']"
"Luxury 1-Bedroom Condo in Yorkville, incl. parking",Entire condo hosted by Matthew,200,N/A,"['2 guests', '1 bedroom', '1 bed', '1 bath']",N/A,N/A,"[4.58, 19]",N/A
N/A,N/A,70,N/A,N/A,N/A,N/A,N/A,"[4.6, 4.7, 4.8, 4.9, 4.2, 4.7]"
Stylish 1BDRM + 1BA - CN Tower/Jays/Ent. District,Entire condo hosted by Rowan,276,N/A,"['2 guests', '1 bedroom', '1 bed', '1 bath']","['Kitchen', 'Wifi', '55"" TV', 'Elevator', 'Free washer – In unit']",40,"[5.0, 7]",N/A
Stylish 3BR House in Trendy Bloor West - Sleeps 5!,Entire home hosted by Aaron,396,339,"['5 guests', '3 bedrooms', '3 beds', '1.5 baths']","['City skyline view', 'Garden view', 'Kitchen', 'Wifi', 'Dedicated workspace']",50,"[4.75, 4]",N/A
Luxury Spacious Condo in Heart of the City!,Entire condo hosted by Sergiy,245,N/A,"['3 guests', '1 bedroom', '2 beds', '1 bath']",N/A,N/A,"[5.0, 4]",N/A
Beautiful Condo with Rooftop Pool + Private Patio!,Entire rental unit hosted by Kerri,244,N/A,"['3 guests', '1 bedroom', '2 beds', '1 bath']",N/A,N/A,"[4.75, 8]",N/A
Lovely private 1 bedroom apartment w pvt entrance,N/A,60,N/A,N/A,"['Lock on bedroom door', 'Wifi', 'Dedicated workspace', 'Free parking on premises', 'Pets allowed']",31,"[4.37, 41]",N/A
Private & Quiet Bright Space,N/A,250,200,N/A,N/A,N/A,N/A,N/A
Yonge & Wellesley Prime Downtown Shared Apartment,N/A,178,N/A,N/A,N/A,N/A,"[4.94, 469]","[4.7, 4.9, 5.0, 5.0, 5.0, 4.9]"
Townhome with Private Rooftop Terrace,Entire home hosted by Angela,331,N/A,"['4 guests', '1 bedroom', '2 beds', '1 bath']","['Kitchen', 'Wifi', 'Free parking on premises', 'TV', 'Washer']",45,"[5.0, 7]",N/A
Breathtaking Corner Loft with Views,Entire loft hosted by Soroush,368,N/A,"['6 guests', '2 bedrooms', '3 beds', '2 baths']","['City skyline view', 'Lake view', 'Waterfront', 'Kitchen', 'Wifi']",63,"[4.58, 60]",N/A
Spacious Luxurious Master Bedroom w/ Private Bath,N/A,77,N/A,N/A,N/A,N/A,"[4.88, 26]",N/A
"European vibe in Yorkville, Toronto",Entire rental unit hosted by Flavia,250,N/A,"['2 guests', '1 bedroom', '1 bed', '1 bath']",N/A,N/A,"[4.8, 10]",N/A
N/A,N/A,75,N/A,N/A,N/A,N/A,N/A,"[5.0, 4.9, 5.0, 4.9, 4.9, 4.9]"
N/A,N/A,117,N/A,N/A,N/A,N/A,N/A,"[4.9, 4.9, 4.9, 4.9, 4.9, 4.8]"
Stylish Condo + 1 Free Parking,Entire rental unit hosted by Keirra,305,240,"['2 guests', '1 bedroom', '1 bed', '1 bath']","['Kitchen', 'Wifi', 'Free parking garage on premises – 1 space', 'Shared pool', 'Hot tub']",41,"[4.93, 14]",N/A
Stylish Condo Heart of Downtown,Entire rental unit hosted by Henry,414,240,"['2 guests', '1 bedroom', '1 bed', '1 bath']",N/A,N/A,"[4.78, 18]","[4.8, 4.8, 4.5, 4.9, 4.6, 4.6]"
N/A,N/A,83,N/A,N/A,N/A,N/A,N/A,"[4.8, 4.8, 4.9, 5.0, 4.8, 4.8]"
Comfy private room near CN Tower,N/A,175,145,N/A,N/A,N/A,"[4.79, 73]",N/A
DT modern private room with CN tower view,N/A,269,N/A,N/A,N/A,N/A,"[4.81, 16]",N/A
N/A,N/A,130,N/A,N/A,N/A,N/A,N/A,N/A
Master Bedroom in Toronto,N/A,180,N/A,N/A,N/A,N/A,"[4.53, 32]",N/A
N/A,N/A,72,N/A,N/A,N/A,N/A,N/A,"[4.9, 4.9, 5.0, 5.0, 4.9, 4.9]"
Prime location: The Noble Loft,Entire rental unit hosted by Greg,262,219,"['2 guests', 'Studio', '1 bed', '1 bath']","['Kitchen', 'Wifi', 'Dedicated worskpace', 'TV', 'Elevator', 'Washer', 'Free dryer - In unit', 'Air conditioning', 'Luggage drop - off allowed', 'Hair Dryer']",52,"[5.0, 17]",N/A
Amazing view! 2BDR + Parking,Entire rental unit hosted by Artem,324,N/A,"['5 guests', '2 bedrooms', '2 beds', '2 baths']",N/A,N/A,N/A,N/A
Stylish 1BR Executive Unit in King West - Sleeps 3,Entire rental unit hosted by Amer,362,287,"['3 guests', '1 bedroom', '2 beds', '1 bath']","['Kitchen', 'Wifi', 'TV', 'Elevator', 'Free washer - In unit', 'Free dryer - In unit', 'Central air conditioning', 'Bathtub', 'Private patio or balcony', 'Hair dryer']",45,"[4.79, 19]","[None, None, None, None, None, None]"
Spacious & Upscale 1BR in Heart of Downtown!,Entire rental unit hosted by Tyris,199,N/A,"['3 guests', '1 bedroom', '1 bed', '1 bath']","['Kitchen', 'Wifi', 'Dedicated workspace', 'TV', 'Elevator']",46,"[4.96, 27]","['5.0', '5.0', '4.8', '5.0', '5.0', '4.9']"
Stylish Condo Heart of Downtown,Entire rental unit hosted by Chalie,236,N/A,"['2 guests', '1 bedroom', '1 bed', '1 bath']",N/A,N/A,N/A,N/A
Fully Renovated 2 Story Kensington Home w Hot Tub,Entire home hosted by Robert,368,N/A,"['4 guests', '2 bedrooms', '2 beds', '2 baths']","['Kitchen', 'Wifi', 'Dedicated workspace', 'Hot tub', '70"" TV with Roku']",40,N/A,N/A
Concrete Jungle w/Parking & CN Tower View,Entire rental unit hosted by Ziye,499,306,"['4 guests', '1 bedroom', '2 beds', '1 bath']","['City skyline view', 'Lake view', 'Waterfront', 'Kitchen', 'Wifi']",47,"[4.72, 25]","['4.7', '4.6', '4.7', '4.8', '4.8', '4.3']"
Stylish Condo Heart of Downtown,Entire rental unit hosted by Henry,414,240,"['2 guests', '1 bedroom', '1 bed', '1 bath']",N/A,N/A,"[4.78, 18]","[4.8, 4.8, 4.5, 4.9, 4.6, 4.6]"
N/A,N/A,83,N/A,N/A,N/A,N/A,N/A,"[4.8, 4.8, 4.9, 5.0, 4.8, 4.8]"
Comfy private room near CN Tower,N/A,175,145,N/A,N/A,N/A,"[4.79, 73]","[4.7, 4.9, 4.8, 4.9, 4.9, 4.7]"
Bright & Luxurious Bedroom In Downtown Toronto,N/A,130,N/A,N/A,N/A,N/A,"[4.94, 63]","[5.0, 4.9, 5.0, 4.9, 4.8, 4.8]"
"Lovely 1BR + Den + South East City View, Yorkville",Entire condo hosted by Alireza,311,280,"['3 guests', '1 bedroom', '2 beds', '1 bath']","['Kitchen', 'Wifi', 'Dedicated workspace', '50"" TV', 'Elevator']",38,"[5.0, 5]",N/A
Master Bedroom in Toronto,N/A,180,N/A,N/A,N/A,N/A,"[4.53, 32]",N/A
Prime location: The Noble Loft,Entire rental unit hosted by Greg,262,219,"['2 guests', 'Studio', '1 bed', '1 bath']","['Kitchen', 'Wifi', 'Dedicated workspace', 'TV', 'Elevator', 'Washer', 'Free dryer - In unit', 'Air conditioning', 'Luggage drop - off allowed', 'Hair dryer']",52,"[5.0, 17]","[4.9, 5.0, 5.0, 5.0, 5.0, 5.0]"
Amazing view! 2BDR + Parking,Entire rental unit hosted by Artem,324,N/A,"['5 guests', '2 bedrooms', '2 beds', '2 baths']",N/A,N/A,N/A,N/A
Spacious & Upscale 1BR in Heart of Downtown!,Entire rental unit hosted by Tyris,199,N/A,"['3 guests', '1 bedroom', '1 bed', '1 bath']","['Kitchen', 'Wifi', 'Dedicated workspace', 'TV', 'Elevator']",46,"[4.96, 27]",N/A
Stylish Condo Heart of Downtown,Entire rental unit hosted by Chalie,236,N/A,"['2 guests', '1 bedroom', '1 bed', '1 bath']",N/A,N/A,N/A,N/A
Concrete Jungle w/Parking & CN Tower View,Entire rental unit hosted by Ziye,499,306,"['4 guests', '1 bedroom', '2 beds', '1 bath']","['City skyline view', 'Lake view', 'Waterfront', 'Kitchen', 'Wifi']",47,"[4.72, 25]","['4.7', '4.6', '4.7', '4.8', '4.8', '4.3']"
Downtown Central (queen west),N/A,241,N/A,N/A,N/A,N/A,"[4.83, 12]",N/A
Toronto Junction Hideaway,Entire rental unit hosted by Lucas,181,N/A,"['4 guests', '1 bedroom', '2 beds', '1 bath']",N/A,N/A,"[4.63, 8]","['4.8', '4.9', '4.8', '5.0', '4.4', '4.5']"
N/A,N/A,119,N/A,N/A,N/A,N/A,N/A,"['4.9', '5.0', '5.0', '5.0', '4.9', '4.9']"
"Stylish Home in Downtown Toronto, Walkable area",Entire home hosted by Alina,280,N/A,"['4 guests', '1 bedroom', '2 beds', '1 bath']","['Garden view', 'Kitchen', 'Wifi', 'Dedicated workspace', 'Free parking on premises']",49,"[5.0, 36]","['5.0', '5.0', '5.0', '5.0', '4.9', '4.9']"
Exclusive urban sanctuary near St.Lawrence Market,Entire loft hosted by Ankur,299,N/A,"['3 guests', '1 bedroom', '1 bed', '1 bath']","['City skyline view', 'Courtyard view', 'Kitchen', 'Wifi', 'Dedicated workspace']",55,"[4.87, 110]","['4.8', '4.9', '4.9', '4.9', '5.0', '4.8']"
Modern Designer Flat with Rooftop Loungers,Entire condo hosted by Maya,319,N/A,"['2 guests', '1 bedroom', '1 bed', '1 bath']","['Kitchen', 'Wifi', 'Dedicated workspace', 'Free parking on premises', 'TV with Netflix']",50,"[4.98, 181]","['5.0', '5.0', '5.0', '5.0', '5.0', '4.8']"
Chic Bachelor in Yorkville with 180-Degree Views,Entire condo hosted by Nipa,229,N/A,"['2 guests', 'Studio', '1 bed', '1 bath']","['Kitchen', 'Fast wifi - 522 Mbps', 'TV with Roku', 'Elevator', 'Washer', 'Dryer - In unit', 'Air conditioning', 'Hair dryer', 'Refrigerator', 'Microwave']",36,"[4.8, 50]",N/A
Toronto Junction Hideaway,Entire rental unit hosted by Lucas,181,N/A,"['4 guests', '1 bedroom', '2 beds', '1 bath']",N/A,N/A,"[4.63, 8]",N/A
1 Br Basement Apartment/next to Subway - Full Apt,N/A,119,N/A,N/A,N/A,N/A,"[4.93, 254]","['4.9', '5.0', '5.0', '5.0', '4.9', '4.9']"
"Stylish Home in Downtown Toronto, Walkable area",Entire home hosted by Alina,280,N/A,"['4 guests', '1 bedroom', '2 beds', '1 bath']","['Garden view', 'Kitchen', 'Wifi', 'Dedicated workspace', 'Free parking on premises']",49,"[5.0, 36]",N/A
Exclusive urban sanctuary near St.Lawrence Market,Entire loft hosted by Ankur,299,N/A,"['3 guests', '1 bedroom', '1 bed', '1 bath']","['City skyline view', 'Courtyard view', 'Kitchen', 'Wifi', 'Dedicated workspace']",55,"[4.87, 110]",N/A
Modern Designer Flat with Rooftop Loungers,Entire condo hosted by Maya,319,N/A,"['2 guests', '1 bedroom', '1 bed', '1 bath']","['Kitchen', 'Wifi', 'Dedicated workspace', 'Free parking on premises', 'TV with Netflix']",50,"[4.98, 181]",N/A
Chic Bachelor in Yorkville with 180-Degree Views,Entire condo hosted by Nipa,229,N/A,"['2 guests', 'Studio', '1 bed', '1 bath']","['Kitchen', 'Fast wifi-522 Mbps', 'TV with Roku', 'Elevator', 'Washer', 'Dryer-In unit', 'Air conditioning', 'Hair dryer', 'Refrigerator', 'Microwave']",36,"[4.8, 50]","[4.8, 4.8, 4.9, 5.0, 4.9, 4.6]"
Stylish Studio Steps from the Eaton Centre,Entire condo hosted by Justin,214,N/A,"['2 guests', '1 bedroom', '1 bed', '1 bath']","['Kitchen', 'Wifi', 'Dedicated workspace', 'Free parking garage on premises – 1 space', 'Pets allowed']",49,"[4.96, 70]","['4.9', '4.9', '4.9', '4.9', '4.8', '4.7']"
1 BR Condo 5 Mins from CN Tower!,Entire rental unit hosted by Shanuka Anthony,236,N/A,"['3 guests', '1 bedroom', '1 bed', '1 bath']",N/A,N/A,N/A,N/A
Urban Luxury Condo in Downtown Toronto,Entire condo hosted by Darko,259,N/A,"['4 guests', '1 bedroom', '2 beds', '1 bath']","['City skyline view', 'Lake view', 'Beach access', 'Kitchen', 'Wifi']",65,N/A,N/A
Spacious & Central Sky KingBed Condo +FREEParking!,Entire condo hosted by Victoria,256,221,"['2 guests', '1 bedroom', '1 bed', '1 bath']","['Courtyard view', 'Park view', 'Lake access', 'Kitchen', 'Wifi']",77,"[5.0, 13]",N/A
Entire tiny studio apartment in downtown core,Entire rental unit hosted by Quan,127,N/A,"['2 guests', 'Studio', '1 bed', '1 bath']",N/A,N/A,"[4.33, 6]","['4.3', '4.2', '4.7', '4.5', '4.5', '4.0']"
June,Entire home hosted by Paul June,300,247,"['6 guests', '2 bedrooms', '4 beds', '2 baths']",N/A,N/A,"[4.89, 18]",N/A
Luxurious 1+1 Condo in Yorkville with parking,Entire rental unit hosted by Sajeda,399,N/A,"['4 guests', '2 bedrooms', '1 bed', '1 bath']",N/A,N/A,N/A,N/A
Momma’s Big Luxurious Basement,Entire home hosted by William,150,N/A,"['5 guests', '1 bedroom', '3 beds', '1 bath']",N/A,N/A,"[4.94, 50]",N/A
Elegant Downtown Suite,Entire rental unit hosted by Noble,180,N/A,"['2 guests', '1 bedroom', '1 bed', '1 bath']",N/A,N/A,N/A,N/A
Glamorous One Bed Condo Steps from Eaton Centre,Entire rental unit hosted by Helen,242,N/A,"['2 guests', '1 bedroom', '1 bed', '1 bath']",N/A,N/A,"[5.0, 10]","['4.9', '5.0', '4.9', '5.0', '5.0', '4.9']"
Cute & Cozy Studio Apartment,Entire home hosted by Alexandra,218,N/A,"['2 guests', '1 bedroom', '1 bed', '1 bath']",N/A,N/A,"[4.8, 5]",N/A
Blissful Zen Apartment in Yorkville,Entire rental unit hosted by Jerusha,249,N/A,"['3 guests', '1 bedroom', '1 bed', '1 bath']","['Kitchen', 'Wifi', 'Dedicated workspace', 'Free parking on premises', 'Pool', 'TV', 'Hair dryer', 'Piano']",12,"[5.0, 5]","[5.0, 5.0, 5.0, 5.0, 5.0, 4.4]"
Private entrance with king bed,N/A,122,105,N/A,"['Lock on bedroom door', 'Wifi', 'Dedicated workspace', 'Free street parking', 'Washer']",35,"[5.0, 12]","['5.0', '4.9', '5.0', '5.0', '5.0', '4.8']"
Closet Room in a Shared Loft,Place to stay in a loft hosted by Jose,85,N/A,"['2 guests', '1 bedroom', '1 bed', '1 private bath']",N/A,N/A,"[4.93, 208]","[4.8, 4.9, 4.9, 4.9, 4.8, 4.8]"
N/A,N/A,203,N/A,N/A,N/A,N/A,N/A,"[None, None, None, None, None, None]"
Brand New & Luxurious 2-Bedroom condo/Amazing View,Entire rental unit hosted by Suhui,398,319,"['4 guests', '2 bedrooms', '2 beds', '2 baths']",N/A,N/A,"[4.5, 18]",N/A
City Centre - Comfortable Private Room,N/A,268,169,N/A,N/A,N/A,"[4.84, 43]",N/A
High Floor & Spacious Corner Unit @ Harbourfront,Entire condo hosted by Billal,903,719,"['8 guests', '2 bedrooms', '4 beds', '2 baths']",N/A,N/A,"[4.99, 68]",N/A
Cozy Home in Toronto - Free Parking!,Entire home hosted by Melissa-Andree,259,N/A,"['4 guests', '1 bedroom', '2 beds', '1 bath']","['Kitchen', 'Wifi', 'Dedicated workspace', 'Free parking on premises', 'TV']",34,N/A,N/A
Chic DT Toronto 2 Beds_Scotiabank _Rogers Center,Entire condo hosted by Chichi,347,N/A,"['5 guests', '2 bedrooms', '3 beds', '2 baths']","['Harbour view', 'Lake view', 'Waterfront', 'Kitchen', 'Wifi']",52,"[4.93, 28]",N/A
Stunning High-Rise Yorkville Apt,Entire rental unit hosted by M,218,191,"['3 guests', '1 bedroom', '2 beds', '1 bath']","['Kitchen', 'Wifi', 'Dedicated workspace', 'TV', 'Elevator', 'Washer', 'Dryer', 'Air conditioning', 'Unavailable: Carbon monoxide alarm', 'Unavailable: Smoke alarm']",42,"[4.58, 26]","[4.4, 4.6, 4.0, 4.5, 5.0, 4.5]"
"Bedroom in Common space, Downtown, next to Subway",N/A,85,77,N/A,"['Kitchen', 'Fast wifi - 416 Mbps', 'Dedicated workspace', 'Bathtub', 'Hair dryer', 'Refrigerator', 'Microwave']",29,"[4.88, 33]","[4.8, 5.0, 4.9, 5.0, 4.9, 4.7]"
The Robert House: Masterpiece in Harbord Village,Entire home hosted by Sachin,687,N/A,"['7 guests', '3 bedrooms', '3 beds', '2.5 baths']","['City skyline view', 'Garden view', 'Kitchen', 'Wifi', 'Dedicated workspace']",56,"[4.93, 71]","['4.9', '5.0', '4.9', '5.0', '4.9', '4.8']"
Leslieville,Entire bungalow hosted by Tara,224,N/A,"['2 guests', '1 bedroom', '1 bed', '1 bath']","['City skyline view', 'Kitchen', 'Wifi', 'Dedicated workspace', 'Pets allowed']",39,"[5.0, 6]","['5.0', '5.0', '5.0', '5.0', '4.8', '4.7']"
Cute Private Apartment near University of Toronto,Entire rental unit hosted by Rhuland,177,N/A,"['2 guests', '1 bedroom', '1 bed', '1 bath']",N/A,N/A,"[4.97, 39]","[5.0, 4.8, 4.9, 5.0, 4.8, 4.7]"
CN Tower View Downtown Condo,Entire rental unit hosted by Asha,249,N/A,"['2 guests', '1 bedroom', '1 bed', '1 bath']",N/A,N/A,"[5.0, 7]",N/A
N/A,N/A,205,N/A,N/A,N/A,N/A,N/A,N/A
Spacious Condo in Fort York,Entire condo hosted by Eshani,280,N/A,"['4 guests', '1 bedroom', '2 beds', '1.5 baths']","['Kitchen', 'Wifi', 'Dedicated workspace', 'Pets allowed', 'TV']",38,"[5.0, 3]",N/A
Stylish 2BR Executive Suite - Parking Included!,Entire rental unit hosted by Mohan,439,339,"['4 guests', '2 bedrooms', '2 beds', '2 baths']","['City skyline view', 'Kitchen', 'Wifi', 'Dedicated workspace', 'Free parking garage on premises - 1 space', 'Shared outdoor pool - available seasonally, open specific hours', 'TV', 'Elevator', 'Free washer - In unit', 'Free dryer - In unit']",47,"[4.91, 23]",N/A
Minutes fr Eaton Centre & Dundas Sq + FREE Parking,Entire condo hosted by Henok,250,N/A,"['2 guests', '1 bedroom', '2 beds', '1 bath']",N/A,N/A,"[4.93, 14]","[4.8, 4.9, 4.9, 4.9, 5.0, 4.9]"
